source,author,title,description,url,urlToImage,publishedAt,content
"{'id': None, 'name': 'Economictimes.com'}",Agencies,"HDFC Bank, RIL, and Eternal among top 10 stock holdings of HDFC Mutual Fund in June","HDFC Mutual Fund, the third largest fund house based on assets managed, had an AUM of Rs 9.63 lakh crore as of June 2026. Here are the top 10 stock holdings, according to a report by Motilal Oswal Financial Services. HDFC Mutual Fund",https://m.economictimes.com/mf/analysis/hdfc-bank-ril-and-eternal-among-top-10-stock-holdings-of-hdfc-mutual-fund-in-june/hdfc-mutual-fund/slideshow/132477188.cms,"https://img.etimg.com/thumb/msid-132477188,width-1200,height-900,overlay-etwealthmutualfunds/slideshow.jpg",2026-07-18 08:49:18+00:00,"Jul 18, 2026, 02:50:17 PM IST
HDFC Mutual Fund, the third largest fund house based on assets managed, had an AUM of Rs 9.63 lakh crore as of June 2026. Here are the top 10 stock holdings, according … [+1255 chars]"
"{'id': None, 'name': 'Timeseriesofindia.com'}",Unknown,UPI: Anatomy of a Payment Transaction,"You pay in seconds. Seven parties make it happen, and you see only one of them.",https://timeseriesofindia.com/economy/reads/upi-architecture/,https://timeseriesofindia.com/og/reads/upi-architecture.png,2026-07-11 16:33:42+00:00,"The five moments of a UPI payment as you experience them. Everything between your PIN and the result happens out of sight.
Several times a day, most of us pay the same way. You hold your phone up to… [+14363 chars]"
"{'id': None, 'name': 'MarketBeat'}",MarketBeat,HDFC Bank Q1 Earnings Call Highlights,"HDFC Bank (NYSE:HDB) management told investors that the lender entered the first quarter of fiscal 2027 with improving business momentum, stronger branch pro...",https://www.marketbeat.com/instant-alerts/hdfc-bank-q1-earnings-call-highlights-2026-07-18/?utm_source=yahoofinance&amp;utm_medium=yahoofinance,https://s.yimg.com/lo/mysterio/api/2D62C5FA7D019ED45DCB91EA5D7F2AC9AA6E5AD6B0B7050CB9CEECCA68F06C53/subgraphmysterio/resizefill_w1200_h675;quality_80;format_webp/https:%2F%2Fmedia.zenfs.com%2Fen%2Fmarketbeat_955%2F6ea548adbacb6010ba4c04019653edba,2026-07-18 12:02:12+00:00,"Key Points
<ul><li>Interested in HDFC Bank Limited? Here are five stocks we like better.
</li><li>Deposit growth stayed relatively strong for a Q1 period, with HDFC Bank gaining market share and im… [+8686 chars]"
"{'id': 'the-times-of-india', 'name': 'The Times of India'}",Prashant Mahesh,How SBI shareholders can bid twice in arm's IPO,"SBI shareholders receive a special reservation in the SBI Funds Management IPO.  This offers an additional opportunity for allotment compared to retail investors.  Eligible shareholders can submit two applications, one retail and one shareholder.  Allotment i…",https://economictimes.indiatimes.com/markets/ipos/fpos/how-sbi-shareholders-can-bid-twice-in-arms-ipo/articleshow/132378682.cms,"https://img.etimg.com/thumb/msid-132378678,width-1200,height-630,imgsize-180196,overlay-etmarkets/articleshow.jpg",2026-07-14 01:00:16+00:00,"(What's moving Sensex and Nifty Track latest market news, stock tips, Budget 2025, Share Market on Budget 2025 and expert advice, on ETMarkets. Also, ETMarkets.com is now on Telegram. For fastest new… [+330 chars]"
"{'id': 'the-times-of-india', 'name': 'The Times of India'}",Joel Rebello,External sectors steady despite geopolitical uncertainties: RBI,"India's external sector shows steady improvement, boosted by foreign investment inflows.  The economy remains strong despite global uncertainties and trade disruptions.  Foreign exchange reserves provide ample cover for imports and external debt.  Exports and…",https://economictimes.indiatimes.com/news/economy/indicators/external-sectors-steady-despite-geopolitical-uncertainties-rbi/articleshow/132570087.cms,"https://img.etimg.com/thumb/msid-132560288,width-1200,height-630,imgsize-100754,overlay-etmarkets/articleshow.jpg",2026-07-22 13:36:07+00:00,"(What's moving Sensex and Nifty Track latest market news, stock tips, Budget 2025, Share Market on Budget 2025 and expert advice, on ETMarkets. Also, ETMarkets.com is now on Telegram. For fastest new… [+330 chars]"
"{'id': 'the-times-of-india', 'name': 'The Times of India'}",ET Bureau,10-year yield seen slipping to 6.64% as Fed bets ease,Indian government bonds may see further gains as US jobs data eases rate hike concerns.  The potential inclusion of Indian sovereign bonds in a major index also supports bond prices.  Retreating crude oil prices further contribute to the positive outlook for …,https://economictimes.indiatimes.com/markets/bonds/10-year-yield-seen-slipping-to-6-64-as-fed-bets-ease/articleshow/132251042.cms,"https://img.etimg.com/thumb/msid-132251039,width-1200,height-630,imgsize-33632,overlay-etmarkets/articleshow.jpg",2026-07-08 00:02:26+00:00,"(What's moving Sensex and Nifty Track latest market news, stock tips, Budget 2025, Share Market on Budget 2025 and expert advice, on ETMarkets. Also, ETMarkets.com is now on Telegram. For fastest new… [+330 chars]"
"{'id': 'the-times-of-india', 'name': 'The Times of India'}",Sachin Kumar,Brent below $80 to sustain OMC earnings recovery,Oil marketing companies' margins are expected to remain stable as crude prices stay below $80.  Recent crude price drops have significantly improved earnings for state-owned oil companies.  These companies incurred substantial under-recoveries on fuel sales e…,https://economictimes.indiatimes.com/markets/stocks/earnings/brent-below-80-to-sustain-omc-earnings-recovery/articleshow/132354170.cms,"https://img.etimg.com/thumb/msid-132354166,width-1200,height-630,imgsize-310422,overlay-etmarkets/articleshow.jpg",2026-07-13 00:21:08+00:00,"(What's moving Sensex and Nifty Track latest market news, stock tips, Budget 2025, Share Market on Budget 2025 and expert advice, on ETMarkets. Also, ETMarkets.com is now on Telegram. For fastest new… [+330 chars]"
"{'id': 'the-times-of-india', 'name': 'The Times of India'}",Snehal Mergu,Can Lohia Corp IPO deliver long-term growth for high risk investors?,"Lohia Corp plans an offer for sale to raise funds.  The company's revenue grew significantly while its net profit surged.  Its order book expanded substantially after strong financial performance.  The business is cyclical, depending on agriculture and constr…",https://economictimes.indiatimes.com/markets/ipos/fpos/can-lohia-corp-ipo-deliver-long-term-growth-for-high-risk-investors/articleshow/132594185.cms,"https://img.etimg.com/thumb/msid-132594186,width-1200,height-630,imgsize-56944,overlay-etmarkets/articleshow.jpg",2026-07-24 00:35:16+00:00,"(What's moving Sensex and Nifty Track latest market news, stock tips, Budget 2025, Share Market on Budget 2025 and expert advice, on ETMarkets. Also, ETMarkets.com is now on Telegram. For fastest new… [+330 chars]"
"{'id': 'the-times-of-india', 'name': 'The Times of India'}",Debaroti Adhikary,"Yes Bank Q1 business update: Advances rise 18% to Rs 2.85 lakh crore, deposits up 14%","Yes Bank reported an 18.4% year-on-year rise in loans to ₹2.85 lakh crore and a 14% increase in deposits to ₹3.15 lakh crore for Q1 FY27. The bank's liquidity coverage ratio improved, while deposits declined marginally on a sequential basis.",https://economictimes.indiatimes.com/markets/stocks/news/yes-bank-q1-business-update-advances-rise-18-to-rs-2-85-lakh-crore-deposits-up-14/articleshow/132175542.cms,"https://img.etimg.com/thumb/msid-132175538,width-1200,height-630,imgsize-434824,overlay-etmarkets/articleshow.jpg",2026-07-04 05:47:29+00:00,"Yes Bank on Saturday reported loans and advances at Rs 2.85 lakh crore for the April-June quarter of FY27, marking an 18.4% year-on-year (YoY) rise from the Rs 2.41 lakh crore reported in the corresp… [+1556 chars]"
"{'id': 'the-times-of-india', 'name': 'The Times of India'}",ET Bureau,Rupee rallies 50 paise as cheaper crude lifts sentiment,"The Indian rupee saw its best day in nearly a month, gaining against the dollar. This rise followed reports of Saudi Arabia reducing crude oil prices for Asian buyers. Geopolitical tensions eased, and shipments fully resumed through the Hormuz Strait. Foreign…",https://economictimes.indiatimes.com/markets/forex/forex-news/rupee-rallies-50-paise-as-cheaper-crude-lifts-sentiment/articleshow/132251012.cms,"https://img.etimg.com/thumb/msid-132251007,width-1200,height-630,imgsize-9170,overlay-etmarkets/articleshow.jpg",2026-07-07 23:59:22+00:00,"Mumbai: The Indian rupee logged its best day in nearly a month, climbing nearly 50 paise against the dollar Tuesday, amid reports that Saudi Arabia would reduce crude oil prices for Asian buyers as s… [+1361 chars]"
"{'id': 'the-times-of-india', 'name': 'The Times of India'}",Debaroti Adhikary,Ahead of Market: 10 things that will decide stock market action on Monday,"Indian stock markets surged on Friday, with Sensex and Nifty posting gains exceeding 0.3%. This upward trend was fueled by a calmer Middle East situation, reduced expectations of US Federal Reserve rate hikes, and positive domestic factors like the India-Japa…",https://economictimes.indiatimes.com/markets/stocks/news/ahead-of-market-10-things-that-will-decide-stock-market-action-on-monday/articleshow/132194145.cms,"https://img.etimg.com/thumb/msid-132194133,width-1200,height-630,imgsize-54790,overlay-etmarkets/articleshow.jpg",2026-07-05 11:35:15+00:00,"The Indian stock market extended gains on Friday, with the Sensex and Nifty rising more than 0.3% each, supported by easing tensions in the Middle East, lower expectations of Fed rate hikes, and othe… [+3561 chars]"
"{'id': None, 'name': 'Retailbankerinternational.com'}",Douglas Blakey,"Global bank valuations rise in Q2 2026 as capital returns, reveals GlobalData",European lenders emerge as some of the biggest winners in the second quarter,https://www.retailbankerinternational.com/news/bank-valuations-rise-q2-2026-globaldata/,https://s.yimg.com/lo/mysterio/api/90792CA6E600B07E53BDCDB0A976DF6A0FF2E2A7B46A4DEEEDCF6814D5F53DC4/subgraphmysterio/resizefill_w1200_h720;quality_80;format_webp/https:%2F%2Fmedia.zenfs.com%2Fen%2Fretail_banker_international_407%2F0edb7707ac68cd0d4e59216a92ebff7e,2026-07-06 23:26:50+00:00,"The global banking sector delivered a markedly different market-cap ranking by the end of the second quarter of 2026 (Q2), as investors rewarded banks that combined resilient earnings, generous capit… [+4537 chars]"
"{'id': None, 'name': 'Yahoo Entertainment'}",Unknown,External review clears HDFC Bank of ex-chair’s governance claims,No description,https://consent.yahoo.com/v2/collectConsent?sessionId=1_cc-session_b852a243-eb01-4493-a86f-347426389ce2,No Image,2026-06-29 11:27:12+00:00,"If you click 'Accept all', we and our partners, including 247 who are part of the IAB Transparency &amp; Consent Framework, will also store and / or access information on a device (in other words, us… [+1046 chars]"
"{'id': None, 'name': 'Barchart.com'}",Will Ashworth,India’s Private-Sector Banks Sold Off on NIM Fears. Ignore the Panic and Buy the Dip in HDFC Stock Here.,"HDFC Bank fell over 10% on Monday. Despite net interest margin pressure from its post-merger transition, normalized net income has grown at a 19% CAGR since...",https://www.barchart.com/story/news/3388934/indias-private-sector-banks-sold-off-on-nim-fears-ignore-the-panic-and-buy-the-dip-in-hdfc-stock-here,https://s.yimg.com/lo/mysterio/api/2A3CEDD3118BEE004E89BC99213BDEF9FA81A29389EA9F790D9C283209DE527D/subgraphmysterio/resizefill_w1200_h799;quality_80;format_webp/https:%2F%2Fmedia.zenfs.com%2Fen%2Fbarchart_com_477%2Fdeb00eed479d40c7788f0004b8848c87,2026-07-21 18:13:44+00:00,"Personal loan by Nick Youngson CC BY-SA 3_0 Pix4free
HDFC Bank (HDB) and Axis Bank, two of India's largest private-sector banks, both posted steep losses on Monday amid concerns about contracting NI… [+5509 chars]"
"{'id': 'the-times-of-india', 'name': 'The Times of India'}",Debaroti Adhikary,"Will Sensex, Nifty extend gains on Monday? Q1 earnings, global tech selloff among 6 factors to steer D-St this week","Dalal Street ended the week on a strong note, with the Sensex and Nifty gaining over 1% on Friday. Investors will track six key market triggers this week, including the peak of the Q1 earnings season, the escalating Iran-US conflict, surging crude oil prices,…",https://economictimes.indiatimes.com/markets/stocks/news/will-sensex-nifty-extend-gains-on-monday-q1-earnings-global-tech-selloff-among-6-factors-to-steer-d-st-this-week/articleshow/132489722.cms,"https://img.etimg.com/thumb/msid-132489722,width-1200,height-630,imgsize-168352,overlay-etmarkets/articleshow.jpg",2026-07-19 04:07:40+00:00,"Dalal Street closed the week on a high, with the benchmark Sensex and Nifty climbing more than 1% on Friday. Analysts expect a host of domestic and global cues to steer market sentiment this week.For… [+6445 chars]"
"{'id': 'the-times-of-india', 'name': 'The Times of India'}",Unknown,"Sensex rises over 150 points, Nifty above 24,450 as market extends gains for the 5th consecutive day","Indian stock markets traded higher on Tuesday, extending gains for a fifth consecutive session. Oil prices remained near pre-war levels, and foreign investors continued their buying trend. Sensex and Nifty both saw upward movement, with broader markets also p…",https://economictimes.indiatimes.com/markets/stocks/news/sensex-rises-over-150-points-nifty-above-24450-as-market-extends-gains-for-5th-consecutive-day/articleshow/132209592.cms,"https://img.etimg.com/thumb/msid-132229783,width-1200,height-630,imgsize-110072,overlay-etmarkets/articleshow.jpg",2026-07-07 03:58:47+00:00,"The Indian stock market traded in the green on Tuesday, with Sensex and Nifty extending gains for the fifth consecutive session as oil prices hovered at pre-war levels and foreign investors continued… [+3316 chars]"
"{'id': None, 'name': '24/7 Wall St.'}",John Seetoo,INDA vs. EPI: Which India ETF Best Captures the World’s Fastest-Growing Big Economy?,"India remains the world’s fastest-growing large economy, and two ETFs dominate the way U.S. investors buy into that story: the iShares MSCI India ETF (CBOE:I...",https://247wallst.com/investing/etf/2026/07/10/inda-vs-epi-which-india-etf-best-captures-the-worlds-fastest-growing-big-economy/,https://s.yimg.com/lo/mysterio/api/C442A8CC20F973357301FB258504F83ACE558EADB022EA4854E971A0D10DFA62/subgraphmysterio/resizefill_w1200_h800;quality_80;format_webp/https:%2F%2Fmedia.zenfs.com%2Fen%2F24_7_wall_st__718%2Ffd3f8c18f8d7efa1933662024ad58c98,2026-07-10 14:28:25+00:00,"Quick Read
<ul><li>EPI has beaten INDA over every measured timeframe by weighting holdings by net income rather than market cap, returning 131% vs. 91% over ten years.
</li><li>INDA charges 0.61% v… [+5047 chars]"
"{'id': None, 'name': 'BusinessLine'}",Somit  Dasgupta,"An inexplicable resignation, and collateral damage","Chakraborty’s resignation from HDFC caused losses to shareholders. With the bank cleared now, shareholders need answers",https://www.thehindubusinessline.com/opinion/an-inexplicable-resignation-and-collateral-damage/article71218200.ece,https://bl-i.thgim.com/public/incoming/jgw56s/article71218213.ece/alternates/LANDSCAPE_1200/2026-04-18T135236Z_682514092_RC2V5FA2LG9I_RTRMADP_3_HDFC-BANK-RESULTS.JPG,2026-07-13 16:20:03+00:00,"After the abrupt resignation of Atanu Chakraborty, the former HDFC Bank non-executive chairman who was also an independent director, in March, the bank had set up an external review by two law firms.… [+3547 chars]"
"{'id': None, 'name': 'BusinessLine'}",BL Mumbai Bureau,Axis Bank and Bandhan Bank’s CFOs resign,"Axis Bank and Bandhan Bank announce CFO resignations, with potential new roles at HDFC Bank and Axis Bank for the executives.",https://www.thehindubusinessline.com/money-and-banking/axis-bank-and-bandhan-banks-cfos-resign/article71162230.ece,https://bl-i.thgim.com/public/incoming/fdgct2/article71162339.ece/alternates/LANDSCAPE_1200/puneet.jpg,2026-06-29 15:02:19+00:00,"The private sector banking space witnessed two senior leadership exits, with Axis Bank and Bandhan Bank on Monday announcing the resignations of their Chief Financial Officers (CFOs).
Axis Bank, in … [+1591 chars]"
"{'id': 'the-times-of-india', 'name': 'The Times of India'}",Akash Podishetti,Cause for concern? HDFC Bank is lagging ICICI Bank where it matters as investors count Rs 5 lakh crore loss,"HDFC Bank's stock has declined significantly this year, losing considerable investor value. Analysts note a widening operating gap between HDFC Bank and ICICI Bank. Margins are under pressure for HDFC Bank, while loan growth lags peers. ICICI Bank shows stron…",https://economictimes.indiatimes.com/markets/stocks/news/cause-for-concern-hdfc-bank-is-lagging-icici-bank-where-it-matters-as-investors-count-rs-5-lakh-crore-loss/articleshow/132527749.cms,"https://img.etimg.com/thumb/msid-132527748,width-1200,height-630,imgsize-2007314,overlay-etmarkets/articleshow.jpg",2026-07-21 04:20:50+00:00,HDFC Bank has delivered the worst stock returns among most large private sector peers so far this year as brokerages say the operating gap between India's largest private lender and ICICI Bank is wid… [+6602 chars]
"{'id': None, 'name': 'BusinessLine'}",BL Bengaluru Bureau,HDFC Bank shares rise as legal review finds no evidence backing ex-chairman’s allegations,"HDFC Bank shares climb 1.16% after a legal review clears the former chairman's allegations, boosting investor confidence.",https://www.thehindubusinessline.com/markets/stock-markets/hdfc-bank-shares-rise-as-legal-review-finds-no-evidence-backing-ex-chairmans-allegations/article71160171.ece,https://bl-i.thgim.com/public/incoming/smskkh/article71160188.ece/alternates/LANDSCAPE_1200/2026-05-27T052828Z_1843171375_RC2V5FA8RJ89_RTRMADP_3_HDFC-BANK-STOCKS.JPG,2026-06-29 06:02:32+00:00,Shares of HDFC Bank rose about 1 per cent in early trade on Monday after the lender said an independent legal review conducted by two external law firms found no evidence to substantiate concerns rai… [+2217 chars]
"{'id': None, 'name': 'BusinessLine'}",Madhu Balaji,"Sensex, Nifty open higher as HDFC Bank, Axis Bank rally; lower crude aids sentiment","Among the Nifty 50 stocks, Bharat Electronics, HDFC Bank, Axis Bank and Hindalco were the top gainers; Kotak Mahindra Bank, Power Grid, TCS and Bajaj Finserv were among the major laggards",https://www.thehindubusinessline.com/markets/sensex-nifty-open-higher-as-hdfc-bank-axis-bank-rally-lower-crude-aids-sentiment/article71187938.ece,https://bl-i.thgim.com/public/incoming/30f87l/article71177124.ece/alternates/LANDSCAPE_1200/iStock-1323542329%204.jpg,2026-07-06 04:29:23+00:00,"Equity benchmarks opened higher on Monday, supported by gains in HDFC Bank and Axis Bank following their business updates, while lower crude oil prices also boosted market sentiment.
At 9.38 am, the… [+2370 chars]"
"{'id': None, 'name': 'BusinessLine'}",PTI,"HDFC Bank profit rises 5% to ₹19,060 crore in Q1","However, the total income of the bank in the quarter under review dropped to ₹92,184 crore from ₹99,200 crore in the same period a year ago",https://www.thehindubusinessline.com/money-and-banking/hdfc-bank-profit-rises-5-to-19060-crore-in-q1/article71237819.ece,https://bl-i.thgim.com/public/incoming/vet4kk/article71237827.ece/alternates/LANDSCAPE_1200/Edit_second-leaG6JG8BNNI.5.jpg.jpg,2026-07-18 11:41:06+00:00,"HDFC Bank on Saturday reported a 5 per cent increase in standalone net profit to 19,060 crore for the June quarter.
The country's biggest private sector lender had earned a net profit of 18,155 cror… [+1589 chars]"
"{'id': 'bloomberg', 'name': 'Bloomberg'}",Bloomberg,"HDFC Bank workforce drops by over 3,300 as operations automated","As of March 31, the bank’s staff decreased to 211,178, with new hires down by 3,811, according to its annual report released Saturday",https://www.bloomberg.com/news/articles/2026-07-12/hdfc-bank-workforce-drops-by-over-3-300-as-operations-automated,https://bl-i.thgim.com/public/incoming/rm2s5i/article71213398.ece/alternates/LANDSCAPE_1200/2026-06-29T151333Z_229888452_RC2V5FA325NJ_RTRMADP_3_HDFC-BANK-CHAIR.JPG,2026-07-12 07:19:52+00:00,"HDFC Bank Ltd.s workforce declined by 3,343 employees in the financial year ended March as Indias largest private lender accelerated efforts to automate operations and redeploy staff to customer-faci… [+2224 chars]"
"{'id': None, 'name': 'BusinessLine'}",Reuters,"HDFC Bank names Puneet Sharma CFO, starting December 1","Sharma ‌will ⁠join the ⁠lender as CFO-designate from September 1 ​after ‌more than six years as CFO Axis ‌Bank, from where ​he resigned on ⁠Sunday.",https://www.thehindubusinessline.com/money-and-banking/hdfc-bank-names-puneet-sharma-cfo-starting-december-1/article71164243.ece,https://bl-i.thgim.com/public/incoming/agosuv/article71164245.ece/alternates/LANDSCAPE_1200/puneet.jpg,2026-06-30 02:53:20+00:00,"HDFC Bank on Monday
named Puneet Sharma chief financial officer, effective December
1, 2026.
Sharma will join the lender as CFO-designate from September 1 after more than six years as CFO Axis Ban… [+231 chars]"
"{'id': None, 'name': 'BusinessLine'}",K Ram Kumar & Suresh P Iyengar,"HDFC Bank chief reappointment: Legal review bolsters case, but RBI unlikely to be swayed","HDFC Bank board may back Jagdishan’s third term, but experts say internal probe can’t replace RBI’s ‘fit and proper’ test",https://www.thehindubusinessline.com/money-and-banking/hdfc-bank-chief-reappointment-legal-review-bolsters-case-but-rbi-unlikely-to-be-swayed/article71157462.ece,https://bl-i.thgim.com/public/incoming/mav02/article71157564.ece/alternates/LANDSCAPE_1200/2026-05-27T052828Z_1843171375_RC2V5FA8RJ89_RTRMADP_3_HDFC-BANK-STOCKS.JPG,2026-06-28 16:20:13+00:00,HDFC Banks board may seek to reappoint Sashidhar Jagdishan as MD &amp; CEO for a third term following a legal review by two external law firms engaged by the bank that found no evidence to support th… [+4696 chars]
"{'id': None, 'name': 'BusinessLine'}",BL Mumbai Bureau,"HDFC Bank appoints Puneet Sharma as CFO, confirms exit from Axis Bank","The appointment confirms market speculation following Sharma’s resignation from Axis Bank, announced on June 28, 2026",https://www.thehindubusinessline.com/money-and-banking/hdfc-bank-appoints-puneet-sharma-as-cfo-confirms-exit-from-axis-bank/article71164678.ece,https://bl-i.thgim.com/public/incoming/5j7d8h/article71164723.ece/alternates/LANDSCAPE_1200/Axis-Bank-and-BGA6G6AA6M.4.jpg.jpg,2026-06-30 06:49:45+00:00,"HDFC Banks board on June 29, 2026 approved the appointment of Puneet Sharma as Chief Financial Officer-Designate effective September 1, 2026, with him taking over as full CFO from December 1, 2026, t… [+1923 chars]"
"{'id': None, 'name': 'BusinessLine'}",BL Mumbai Bureau,"HDFC Bank firmly rooted in corporate governance, merger related synergies progressing well: Interim Chairman Mistry",HDFC Bank's Interim Chairman Mistry affirms strong corporate governance while merger synergies progress positively amidst recent leadership changes.,https://www.thehindubusinessline.com/money-and-banking/hdfc-bank-firmly-rooted-in-corporate-governance-merger-related-synergies-progressing-well-interim-chairman-mistry/article71209761.ece,https://bl-i.thgim.com/public/incoming/c46u36/article71118226.ece/alternates/LANDSCAPE_1200/Mr.%20Keki%20Mistry.JPG,2026-07-11 07:51:01+00:00,"HDFC Bank remains firmly rooted in strong corporate governance principles and values, even as many of the merger related synergies are progressing well, said Interim Part-time Chairman Keki M Mistry.… [+3036 chars]"
"{'id': None, 'name': 'Thefly.com'}",Unknown,HDFC Bank falls -9.1%,"See the rest of the story here.

thefly.com provides the latest financial news as it breaks. Known as a leader in market intelligence, The Fly's real-time, streaming news feed keeps individual investors, professional money managers, active traders, and corpor…",https://www.thefly.com/HDB,No Image,2026-07-20 14:00:19+00:00,"Operational Systems Failure Risk: Risks associated with internal process failures, human errors, system outages, cyberattacks, or fraud, which can lead to financial losses, service disruptions, or re… [+17 chars]"
"{'id': None, 'name': 'CNA'}",Unknown,"ServiceNow buys 5% of BusinessNext, values Indian software firm at $700 million","July 22 : ServiceNow has acquired roughly 5 per cent of BusinessNext in a deal that values the software provider at $700 million, as the Indian company looks to expand its autonomous banking tools through a partnership with the U.S.-based software giant.Busin…",https://www.channelnewsasia.com/business/servicenow-buys-5-businessnext-values-indian-software-firm-700-million-6272116,"https://dam.mediacorp.sg/image/upload/s--ZdHPGX9S--/c_fill,g_auto,h_676,w_1200/f_auto,q_auto/v1/mediacorp/one-cms/images/2021-06/business_1.png?itok=npguKy4y",2026-07-22 23:04:16+00:00,"July 22 : ServiceNow has acquired roughly 5 per cent of BusinessNext in a deal that values the software provider at $700 million, as the Indian company looks to expand its autonomous banking tools th… [+1595 chars]"
"{'id': None, 'name': 'BusinessLine'}",BL Mumbai Bureau,HDFC Bank Q1 profit up 5%; CEO signals growth push says bank is ‘on the cusp of pressing the pedal’,"The bank’s net profit rose by about 10% this quarter after adjusting last year’s profit for HDB Financial Services’ IPO gains, provisions, and tax credits",https://www.thehindubusinessline.com/money-and-banking/hdfc-bank-q1-profit-up-5-ceo-signals-growth-push-says-bank-is-on-the-cusp-of-pressing-the-pedal/article71238702.ece,https://bl-i.thgim.com/public/incoming/ifb5ri/article71238972.ece/alternates/LANDSCAPE_1200/Edit_second-leaG6JG8BNNI.5.jpg.jpg,2026-07-18 16:20:15+00:00,"HDFC Bank reported a 5 per cent year-on-year (y-o-y) increase in standalone net profit for the first quarter (Q1FY27), reaching 19,060 crore, with the bottom line being supported by an increase in ne… [+3076 chars]"
"{'id': None, 'name': 'BusinessLine'}",Nishanth  Gopalakrishnan,What investors need to glean from HDFC Bank’s Q1 FY27 results,"Explore HDFC Bank's Q1 FY27 results, highlighting NIM challenges and long-term growth strategies despite recent market reactions.",https://www.thehindubusinessline.com/portfolio/stock-fundamental-analysis-india/what-investors-need-to-glean-from-hdfc-banks-q1-fy27-results/article71246090.ece,https://bl-i.thgim.com/public/incoming/fjuevx/article71246146.ece/alternates/LANDSCAPE_1200/IMG_BL03_MR_HDFC_Bank_2_1_USF8FS2P.jpg,2026-07-20 15:16:01+00:00,"Shares of HDFC Bank slid 5.1 per cent on Monday, reacting to earnings reported on Saturday for the quarter ended June 30, 2026 (Q1 FY27). Asset quality continued to remain the banks strength. It capt… [+4553 chars]"
"{'id': 'the-times-of-india', 'name': 'The Times of India'}",Debaroti Adhikary,"ICICI Bank wins analysts’ vote after Q1 show; HDFC Bank, Axis, Kotak & Yes Bank face scrutiny",ICICI Bank shares rose after reporting strong June quarter earnings and improved financial metrics. Other major private lenders like HDFC Bank and Axis Bank saw their stock prices decline. Analysts favored ICICI Bank for its consistent performance and clean r…,https://economictimes.indiatimes.com/markets/stocks/news/icici-bank-wins-analysts-vote-after-q1-show-hdfc-bank-axis-kotak-yes-bank-face-scrutiny/articleshow/132528114.cms,"https://img.etimg.com/thumb/msid-132528113,width-1200,height-630,imgsize-2327380,overlay-etmarkets/articleshow.jpg",2026-07-21 04:42:02+00:00,"The shares of five heavyweight private lenders including HDFC Bank, Yes Bank, ICICI Bank, Kotak Mahindra Bank and Axis Bank reacted strongly to their Q1 earnings on Monday, with brokerages highlighti… [+4446 chars]"
"{'id': None, 'name': 'BusinessLine'}",BL Mumbai Bureau,"Banking rout deepens: Sensex tumbles 718 points, Nifty below 24,200 as HDFC Bank, Axis bleed","Axis Bank was the worst performer on the Nifty50, crashing ₹75.60 or 5.69% to ₹1,252.90 on heavy volume of over 1.81 crore shares worth ₹2,29,489.21 lakh",https://www.thehindubusinessline.com/markets/banking-rout-deepens-sensex-tumbles-718-points-nifty-below-24200-as-hdfc-bank-axis-bleed/article71244236.ece,https://bl-i.thgim.com/public/incoming/iaxfj7/article71241475.ece/alternates/LANDSCAPE_1200/PO02_Candle_chart.jpg,2026-07-20 07:36:14+00:00,"Markets extended their morning losses sharply through the mid-session on Monday, with the BSE Sensex sliding 717.91 points or 0.92 per cent to 77,433.54 and the NSE Nifty50 falling 179.60 points or 0… [+4693 chars]"
"{'id': None, 'name': 'BusinessLine'}",PTI,"SBI Capital Markets, HDFC Bank among 4 book runners appointed for NLC India Renewables IPO","State-owned NLC India's subsidiary NLC India Renewables Ltd (NIRL) has appointed four leading investment banks, including SBI Capital Markets and HDFC Bank, as book running lead managers for its proposed initial public offering (IPO).",https://www.thehindubusinessline.com/markets/sbi-capital-markets-hdfc-bank-among-4-book-runners-appointed-for-nlc-india-renewables-ipo/article71233541.ece,https://bl-i.thgim.com/public/incoming/l3e6sz/article71233578.ece/alternates/LANDSCAPE_1200/PO02_Survey_checklist.jpg,2026-07-17 10:13:34+00:00,"State-owned NLC India's subsidiary NLC India Renewables Ltd (NIRL) has appointed four leading investment banks, including SBI Capital Markets and HDFC Bank, as book running lead managers for its prop… [+2213 chars]"
"{'id': None, 'name': 'BusinessLine'}",PTI,"Mcap of 4 of top-10 most valued firms jumps ₹92,995 crore; HDFC Bank, Airtel top gainers","The combined market valuation of four of the top-10 most valued firms jumped ₹92,995.48 crore last week, with HDFC Bank and Bharti Airtel emerging as the biggest gainers.",https://www.thehindubusinessline.com/markets/mcap-of-4-of-top-10-most-valued-firms-jumps-92995-crore-hdfc-bank-airtel-top-gainers/article71213442.ece,https://bl-i.thgim.com/public/incoming/vx9ogk/article71213445.ece/alternates/LANDSCAPE_1200/iStock-1255683032.jpg,2026-07-12 07:46:07+00:00,"The combined market valuation of four of the top-10 most valued firms jumped 92,995.48 crore last week, with HDFC Bank and Bharti Airtel emerging as the biggest gainers.
Last week, the BSE benchmark… [+2141 chars]"
"{'id': 'the-times-of-india', 'name': 'The Times of India'}",Akash Podishetti,"Stocks in news: ICICI Bank, YES Bank, Kotak Bank, RIL, Axis Bank","Markets advanced Friday, gaining over one percent despite weak global cues. Analysts await quarterly results from Reliance Industries, HDFC Bank, and ICICI Bank. ICICI Bank reported a 16% year-on-year net profit increase for the June quarter. YES Bank and PNB…",https://economictimes.indiatimes.com/markets/stocks/news/stocks-in-news-icici-bank-yes-bank-kotak-bank-ril-axis-bank/articleshow/132497296.cms,"https://img.etimg.com/thumb/msid-132497286,width-1200,height-630,imgsize-605584,overlay-etmarkets/articleshow.jpg",2026-07-20 00:41:00+00:00,"Markets staged a strong advance on Friday and gained over a percent despite weak global cues. Looking ahead, analysts will react to the quarterly results of heavyweights Reliance Industries, HDFC Ban… [+2618 chars]"
"{'id': None, 'name': 'BusinessLine'}",BL Research Bureau,"Day Trading Guide for July 03, 2026: Intraday supports, resistances for Nifty50 stocks","Day Trading Guide gives you the key intraday supports and resistances to watch out for on the Nifty Futures and other widely traded stocks such as Reliance Industries, Infosys, HDFC Bank, TCS, SBI",https://www.thehindubusinessline.com/portfolio/day-trading-guide/day-trading-guide-for-july-03/article71174357.ece,https://bl-i.thgim.com/public/incoming/zgpwn7/article71173514.ece/alternates/LANDSCAPE_1200/PO06_Chart_2.jpg,2026-07-02 14:40:44+00:00,"Day Trading Guide gives you the key intraday supports and resistances to watch out for on the Nifty Futures and other widely traded stocks such as Reliance Industries, Infosys, HDFC Bank, TCS, SBI. B… [+2403 chars]"
"{'id': None, 'name': 'BusinessLine'}",BL Bengaluru Bureau,"HDB Financial shares rise over 4% after record Q1 profit, brokerages lift target prices","HDFC Bank arm HDB Financial Services reported a net profit of ₹785 crore for the quarter ended June 30, 2026, a 38.3% y-o-y increase from ₹568 crore in the corresponding quarter last year",https://www.thehindubusinessline.com/markets/stock-markets/hdb-financial-shares-rise-over-4-after-record-q1-profit-brokerages-lift-target-prices/article71228456.ece,https://bl-i.thgim.com/public/incoming/p6dxak/article71228495.ece/alternates/LANDSCAPE_1200/PO08_Growth_2.jpg,2026-07-16 04:32:04+00:00,"Shares of HDB Financial Services, an arm of HDFC Bank, surged over 4 per cent on Thursday after the company reported its highest quarterly profit for the June quarter, supported by higher core income… [+2831 chars]"
"{'id': None, 'name': 'BusinessLine'}",BL Mumbai Bureau,HDFC Bank’s board approves former CEC Rajiv Kumar as its PT Chairman,"Kumar, who retired as Finance Secretary in February 2020 and later also served as the 25th Chief Election Commissioner of India, is appointed as an Additional Director with effect from June 30, 2026 for 4 years",https://www.thehindubusinessline.com/money-and-banking/hdfc-banks-board-approves-former-cec-rajiv-kumar-as-its-pt-chairman/article71162595.ece,https://bl-i.thgim.com/public/incoming/eqswgi/article71010232.ece/alternates/LANDSCAPE_1200/2025-01-22T084753Z_736766066_RC2VECAZTIFJ_RTRMADP_3_HDFC-BANK-RESULTS.JPG,2026-06-29 16:17:50+00:00,"HDFC Bank has zeroed-in on another top finance ministry former bureaucrat as replacement for Atanu Chakraborty, who stirred a hornets nest by abruptly resigning as Part-Time (PT) Chairman and Indepen… [+2499 chars]"
"{'id': None, 'name': 'BusinessLine'}",PTI,Mcap of nine of top-10 most valued firms erodes by Rs 2.74 lakh cr; HDFC Bank takes biggest hit,"Banking stocks emerged as the biggest drag following mixed Q1 FY27 earnings, while a risk-off environment and weakness in the rupee further curtailed buying interest",https://www.thehindubusinessline.com/markets/mcap-of-nine-of-top-10-most-valued-firms-erodes-by-rs-274-lakh-cr-hdfc-bank-takes-biggest-hit/article71268854.ece,https://bl-i.thgim.com/public/incoming/1jrtsw/article71268886.ece/alternates/LANDSCAPE_1200/RBI-eases-lendeGF5EMQ1FB.4.jpg.jpg,2026-07-26 08:01:38+00:00,"The combined market valuation of nine of the top-10 most valued firms eroded by 2.74 lakh crore last week, in tandem with a bearish trend in equities, with HDFC Bank taking the biggest hit.
Last wee… [+2019 chars]"
"{'id': None, 'name': 'BusinessLine'}",Nishanth  Gopalakrishnan,"HDFC, Axis and Kotak Bank vs global banks: The valuation boomerang investors missed","Discover how valuation issues hindered India's top banks, contrasting their performance with global peers in post-pandemic recovery.",https://www.thehindubusinessline.com/portfolio/hdfc-axis-and-kotak-bank-vs-global-banks-the-valuation-boomerang-investors-missed/article71239035.ece,https://bl-i.thgim.com/public/incoming/now1nl/article71239045.ece/alternates/LANDSCAPE_1200/PO30_Trade_balance.jpg,2026-07-18 16:58:40+00:00,"India, as the fastest growing major economy, has had the weakest performing large private banks. Large private lenders HDFC Bank, Kotak Mahindra Bank and Axis Bank have not only lost the race to PSU … [+4195 chars]"
"{'id': 'the-times-of-india', 'name': 'The Times of India'}",Kairavi Lukka,Private banks go for a tumble on D-St after Q1 stumble,"Most private lender stocks declined Monday after first-quarter earnings showed profitability pressures. Axis Bank and HDFC Bank saw significant drops, while ICICI Bank gained. Analysts noted margin compression as a key factor affecting banking stocks. Foreign…",https://economictimes.indiatimes.com/markets/stocks/news/private-banks-go-for-a-tumble-on-d-st-after-q1-stumble/articleshow/132526166.cms,"https://img.etimg.com/thumb/msid-132526163,width-1200,height-630,imgsize-29830,overlay-etmarkets/articleshow.jpg",2026-07-21 00:23:20+00:00,"Mumbai: Shares of most large private lenders fell on Monday after their first-quarter earnings performance, announced over the weekend, showed pressure on profitability. Axis Bank declined 5.4%, HDFC… [+2809 chars]"
"{'id': None, 'name': 'BusinessLine'}",Nishanth  Gopalakrishnan,The valuation U-turn bank investors missed,"Discover how valuation issues hindered India's top banks, contrasting their performance with global peers in post-pandemic recovery.",https://www.thehindubusinessline.com/portfolio/the-valuation-u-turn-bank-investors-missed/article71239035.ece,https://bl-i.thgim.com/public/incoming/now1nl/article71239045.ece/alternates/LANDSCAPE_1200/PO30_Trade_balance.jpg,2026-07-18 16:40:19+00:00,"India, as the fastest growing major economy, has had the weakest performing large private banks. Large private lenders HDFC Bank, Kotak Mahindra Bank and Axis Bank have not only lost the race to PSU … [+4195 chars]"
"{'id': None, 'name': 'Biztoc.com'}",finance.yahoo.com,HDFC Bank Q1 Earnings Call Highlights,"Modi Momentum: Finding Stability in India's Goldilocks Economy 
HDFC Bank (NYSE:HDB) management told investors that the lender entered the first quarter of fiscal 2027 with improving business momentum, stronger branch productivity and continued market-share g…",https://biztoc.com/x/ddd8b840a49e4f1b,https://biztoc.com/cdn/ddd8b840a49e4f1b_s.webp,2026-07-18 12:08:31+00:00,Modi Momentum: Finding Stability in India's Goldilocks Economy HDFC Bank (NYSE:HDB) management told investors that the lender entered the first quarter of fiscal 2027 with improving business momentum… [+150 chars]
"{'id': 'the-times-of-india', 'name': 'The Times of India'}",Debaroti Adhikary,HDFC Bank shares fall as 3 US law firms launch probe over alleged federal law violations,Three United States law firms are investigating HDFC Bank for alleged securities law violations. These firms are examining if the bank disguised payments to MSRDC as marketing expenses. HDFC Bank shares have declined significantly following these announcement…,https://economictimes.indiatimes.com/markets/stocks/news/hdfc-bank-shares-fall-as-3-us-law-firms-launch-probe-over-alleged-federal-law-violations/articleshow/132598223.cms,"https://img.etimg.com/thumb/msid-132598216,width-1200,height-630,imgsize-2219977,overlay-etmarkets/articleshow.jpg",2026-07-24 06:36:06+00:00,Shares of HDFC Bank slipped more than 1% on Friday after three separate US law firms announced investigations into whether the Indian private lender violated federal securities laws by allegedly disg… [+3281 chars]
"{'id': 'the-times-of-india', 'name': 'The Times of India'}",ET Bureau,HDFC Bank Logs 5% Rise in Profit on Margin Pressure,"HDFC Bank announced a notable five percent rise in profits for the June quarter, showcasing a robust growth in net interest income. Despite facing margin pressures that led to a contraction, the bank achieved a remarkable fifteen percent increase in gross adv…",https://economictimes.indiatimes.com/markets/stocks/earnings/hdfc-bank-logs-5-rise-in-profit-on-margin-pressure/articleshow/132490398.cms,"https://img.etimg.com/thumb/msid-132490398,width-1200,height-630,imgsize-25806,overlay-etmarkets/articleshow.jpg",2026-07-19 05:36:01+00:00,"HDFC Bank, India's largest private sector lender, reported a 5% year-on-year rise in its June quarter net profit to 19,059 crore as margins contracted. The figure missed the average estimate of 19,72… [+2184 chars]"
"{'id': None, 'name': 'BusinessLine'}","KS Badri Narayanan, Madhu Balaji, Team BL","Q1 Results Today Highlights: UltraTech profit rises; IOB, KVB and Sobha post strong Q1 growth; Mahindra Logistics, Dynamic Cables, Jaiprakash Power, Shyam Metalics surge","Q1 Results Today, 20th July 2026 Highlights: Find all the latest Q1 results 2026 updates of UltraTech Cement, Indian Overseas Bank, Authum Investment & Infrastructure, Karur Vysya Bank, Shyam Metalics & Energy, Central Mine Planning & Design Institute, Sobha,…",https://www.thehindubusinessline.com/markets/q1-results-today-highlights-cement-paytm-iob-karur-vysya-bank-shyam-metalics-sobha-jp-power-bluestone-hdfc-bank-kotak-icici-yes-bank-axis-bank-ril-results-20-july-2026/article71241085.ece,https://bl-i.thgim.com/public/incoming/hv5pl/article71241084.ece/alternates/LANDSCAPE_1200/IMG_Businessman_investor_2_1_USD136N3.jpg,2026-07-20 15:51:33+00:00,"<li></li>
July 20, 2026 21:19DP Abhushan posts 77% rise in Q1 PAT to Rs 64.45 crore
Jewellery retailer D P Abhushan on Monday reported 77 per cent growth in profit after tax at Rs 64.45 crore in th… [+22166 chars]"
"{'id': None, 'name': 'Economictimes.com'}",ET Online,HDFC Bank SmartBuy updates reward rules: Here's how new Brand Voucher reward cap impacts credit card holders,"HDFC Bank has introduced a separate monthly cap on accelerated reward points earned through Brand Vouchers (Gyftr/Woohoo) on the SmartBuy platform. However, the overall monthly and daily SmartBuy reward caps remain unchanged. HDFC Bank SmartBuy introduces new…",https://m.economictimes.com/wealth/spend/hdfc-bank-smartbuy-updates-reward-rules-heres-how-new-brand-voucher-reward-cap-impacts-credit-card-holders/hdfc-bank-smartbuy-introduces-new-reward-cap-on-brand-vouchers/slideshow/132156090.cms,"https://img.etimg.com/thumb/msid-132156090,width-1200,height-900,overlay-etwealth/slideshow.jpg",2026-07-03 07:54:24+00:00,"Jul 03, 2026, 01:30:27 PM IST
HDFC Bank has introduced a separate monthly cap on accelerated reward points earned through Brand Vouchers (Gyftr/Woohoo) on the SmartBuy platform. However, the overall… [+1381 chars]"
"{'id': 'the-times-of-india', 'name': 'The Times of India'}",Akash Podishetti,"Stocks in news: Kotak Mahindra Bank, Tata Motors, HDFC Bank, IndiGo, Coal India","Indian markets experienced a volatile yet narrow trading range, concluding marginally lower as consolidation persists. Analysts await a decisive breakout above 24,200. Key stocks like Tata Motors, HDFC Bank, IndiGo, Coal India, and Kotak Mahindra Bank are in …",https://economictimes.indiatimes.com/markets/stocks/news/stocks-in-news-kotak-mahindra-bank-tata-motors-hdfc-bank-indigo-coal-india/articleshow/132103737.cms,"https://img.etimg.com/thumb/msid-132103732,width-1200,height-630,imgsize-605584,overlay-etmarkets/articleshow.jpg",2026-07-01 01:14:30+00:00,"Markets traded in a volatile yet narrow range on the monthly expiry day and settled marginally lower, extending the ongoing consolidation phase. Technically, analysts continue to maintain our consoli… [+2046 chars]"
"{'id': None, 'name': 'Livemint'}",list.metadata.agency,"Moody's affirms SBI, HDFC Bank ratings on strong asset quality","Moody's &nbsp;affirmed the ratings of State Bank of India and HDFC Bank, citing strong asset quality and a stable outlook due to diversified portfolios and low credit costs.",https://www.livemint.com/industry/banking/moodys-affirms-sbi-hdfc-bank-ratings-on-strong-asset-quality-11784040683646.html,https://www.livemint.com/lm-img/img/2026/07/14/1600x900/logo/3-0-100372714-newru1-khwD--621x414-LiveMint-0_1679853997899_1784040743996_1fb33461-3146-4fdd-aed6-56257b185b26.jpg,2026-07-14 14:54:02+00:00,"Moody's Ratings on Tuesday affirmed the ratings of State Bank of India (SBI) and HDFC Bank, with a stable outlook, on strong asset quality.
In two separate statements, Moody's Ratings said it has af… [+1985 chars]"
"{'id': 'the-times-of-india', 'name': 'The Times of India'}",ET Bureau,"BoB, BoI, PNB see 350-Bps credit-deposit growth gap","Three major public sector banks – Bank of Baroda, Bank of India, and Punjab National Bank – are showing a significant gap between their credit and deposit growth, exceeding 350 basis points. While Bank of Baroda saw a sequential dip in both assets and liabili…",https://economictimes.indiatimes.com/industry/banking/finance/banking/bob-boi-pnb-see-350-bps-credit-deposit-gap-widen/articleshow/132150359.cms,"https://img.etimg.com/thumb/msid-132141475,width-1200,height-630,imgsize-138915,overlay-etmarkets/articleshow.jpg",2026-07-02 15:13:34+00:00,"(What's moving Sensex and Nifty Track latest market news, stock tips, Budget 2025, Share Market on Budget 2025 and expert advice, on ETMarkets. Also, ETMarkets.com is now on Telegram. For fastest new… [+330 chars]"
"{'id': None, 'name': 'BusinessLine'}",BL Mumbai Bureau,Leading private sector banks streamlining employee base,"This workforce streamlining coincides with a strategic expansion of branch networks, as these banks shift toward automated processes to enhance customer experience and reduce costs.",https://www.thehindubusinessline.com/money-and-banking/leading-private-sector-banks-streamlining-employee-base/article71229052.ece,https://bl-i.thgim.com/public/incoming/gpxcs/article71229618.ece/alternates/LANDSCAPE_1200/2323934.II2,2026-07-16 11:34:21+00:00,"Leading private sector banks are streamlining their workforce amid rapid digitalisation of their operations even as they continue to expand their branch networks as part of their phygital strategy.
… [+2716 chars]"
"{'id': None, 'name': 'Economictimes.com'}",ET Online,"Interest certificate download: How SBI, HDFC Bank, Axis Bank and India Post customers can get it online","If you earned interest from savings accounts, fixed deposits, recurring deposits or post office deposits during the financial year 25-26, you may need an interest certificate while filing your Income Tax Return (ITR). Most banks and India Post allow customers…",https://m.economictimes.com/wealth/invest/interest-certificate-download-how-sbi-hdfc-bank-axis-bank-and-india-post-customers-can-get-it-online/how-sbi-hdfc-bank-axis-bank-and-india-post-customers-can-get-it-online/slideshow/132576871.cms,"https://img.etimg.com/thumb/msid-132576871,width-1200,height-900,overlay-etwealth/slideshow.jpg",2026-07-23 09:45:52+00:00,"Jul 23, 2026, 03:20:34 PM IST
If you earned interest from savings accounts, fixed deposits, recurring deposits or post office deposits during the financial year 25-26, you may need an interest certi… [+2134 chars]"
"{'id': 'the-times-of-india', 'name': 'The Times of India'}",Debaroti Adhikary,"HDFC Bank, SBI, other stocks jump up to 2%; Nifty Bank gains 560 points. What lies ahead?","Banking stocks rallied up to 2% on Wednesday, lifting the Nifty Bank index as investors positioned themselves ahead of a crucial round of Q1 earnings from major private lenders this weekend. Brokerages remain constructive on the sector, citing improving funda…",https://economictimes.indiatimes.com/markets/stocks/news/hdfc-bank-sbi-other-stocks-jump-up-to-2-nifty-bank-gains-560-points-what-lies-ahead/articleshow/132409899.cms,"https://img.etimg.com/thumb/msid-132409907,width-1200,height-630,imgsize-8212,overlay-etmarkets/articleshow.jpg",2026-07-15 07:41:59+00:00,"The shares of banks, including heavyweights HDFC Bank, State Bank of India (SBI), IndusInd Bank and others, rose up to 2% on Wednesday, pushing the Nifty Bank index around 1% up as financial stocks l… [+3610 chars]"
"{'id': 'the-times-of-india', 'name': 'The Times of India'}",TNN,"In clean-up drive, ex-CEC Rajiv Kumar named HDFC chairman","India Business News: MUMBAI: The HDFC Bank board has appointed former chief election commissioner and ex–finance secretary Rajiv Kumar as chairman of the bank, subject to .",https://timesofindia.indiatimes.com/business/india-business/in-clean-up-drive-ex-cec-rajiv-kumar-named-hdfc-chairman/articleshow/132079321.cms,"https://static.toiimg.com/thumb/msid-132079320,width-1280,height-720,resizemode-6,overlay-toi_sw,pt-32,y_pad-600/photo.jpg",2026-06-29 20:55:06+00:00,EMI CalculatorDetermine the monthly installment amount for a loan
"{'id': 'the-times-of-india', 'name': 'The Times of India'}",Sneha Kulkarni,"$17.4 billion flows into FCNR(B) deposits: Which bank offers the best 3-year FCNR(B) FD rate—SBI, PNB, HDFC Bank, ICICI Bank or Canara Bank?","Foreign currency deposits have seen significant inflows after a new RBI scheme.  Canara Bank offers the highest 3-year FCNR(B) USD fixed deposit rate.  HDFC Bank, Axis Bank, and ICICI Bank offer a 6% interest rate.  These deposits are available in various for…",https://economictimes.indiatimes.com/wealth/invest/sbi-hdfc-pnb-icici-canara-axis-bank-fcnrb-3-year-fd-interest-rate-up-to-6-5-check-rbi-deposit-data-and-key-details/articleshow/132551098.cms,"https://img.etimg.com/thumb/width-1200,height-900,imgsize-2385441,resizemode-75,msid-132551098/wealth/invest/sbi-hdfc-pnb-icici-canara-axis-bank-fcnrb-3-year-fd-interest-rate-up-to-6-5-check-rbi-deposit-data-and-key-details.jpg",2026-07-22 05:09:02+00:00,Interest in Foreign Currency Non-Resident (FCNR) deposits has picked up after the Reserve Bank of India (RBI) introduced a concessional swap facility for banks to mobilise fresh foreign currency depo… [+3224 chars]
"{'id': None, 'name': 'BusinessLine'}",BL Kolkata Bureau,HDFC Life Insurance Q1 up 11.5% at ₹611 crore on growth in net premium income,"HDFC Life Insurance on Wednesday reported 11.46 per cent year-on-year growth in consolidated net profit at ₹611.19 crore for the first quarter of this fiscal, backed by 15 per cent y-o-y growth in net premium income during the period",https://www.thehindubusinessline.com/money-and-banking/hdfc-life-insurance-q1-up-115-at-611-crore-on-growth-in-net-premium-income/article71225851.ece,https://bl-i.thgim.com/public/incoming/vfs2yc/article71226556.ece/alternates/LANDSCAPE_1200/2026-06-11T110122Z_948057680_RC2JRLAQ00TX_RTRMADP_3_HDFC-LIFE-INDIA.JPG,2026-07-15 15:00:31+00:00,"HDFC Life Insurance on Wednesday reported 11.46 per cent year-on-year growth in consolidated net profit at 611.19 crore for the first quarter of this fiscal, backed by 15 per cent y-o-y growth in net… [+3025 chars]"
"{'id': None, 'name': 'Economictimes.com'}",ET Online,What is the password to open an interest certificate from the SBI website?,"If you earned interest from savings accounts, fixed deposits, recurring deposits or post office deposits during the financial year 25-26, you may need an interest certificate while filing your Income Tax Return (ITR). Most banks and India Post allow customers…",https://m.economictimes.com/wealth/invest/what-is-the-password-to-open-an-interest-certificate-from-the-sbi-website/how-sbi-hdfc-bank-axis-bank-and-india-post-customers-can-get-it-online/slideshow/132576871.cms,"https://img.etimg.com/thumb/msid-132576871,width-1200,height-900,overlay-etwealth/slideshow.jpg",2026-07-23 09:45:52+00:00,"Jul 23, 2026, 03:20:34 PM IST
If you earned interest from savings accounts, fixed deposits, recurring deposits or post office deposits during the financial year 25-26, you may need an interest certi… [+2134 chars]"
"{'id': 'the-times-of-india', 'name': 'The Times of India'}",Sneha Kulkarni,"ITR filing 2026: How to download interest certificate from SBI, HDFC Bank, ICICI Bank, Axis Bank and India Post",Individuals filing income tax returns for FY 2025-26 will need interest certificates. These documents verify interest income and loan interest deductions for tax purposes. The article provides step-by-step instructions for downloading these certificates from …,https://economictimes.indiatimes.com/wealth/tax/itr-filing-2026-how-to-download-interest-certificate-from-sbi-hdfc-bank-icici-bank-axis-bank-and-india-post/articleshow/132406129.cms,"https://img.etimg.com/thumb/width-1200,height-900,imgsize-1403044,resizemode-75,msid-132406129/wealth/tax/itr-filing-2026-how-to-download-interest-certificate-from-sbi-hdfc-bank-icici-bank-axis-bank-and-india-post.jpg",2026-07-15 05:11:03+00:00,"When you are filing your Income Tax Return (ITR) for the Financial Year 2025-26 (FY 25-26), you will need an interest certificate to back up any claims for interest income or deductions on loan inter… [+2844 chars]"
"{'id': 'the-times-of-india', 'name': 'The Times of India'}",Sneha Kulkarni,"Saturday bank holiday: Are SBI, HDFC Bank, ICICI Bank open or closed today on July 11, 2026?","Banks will remain closed on Saturday, July 11, 2026? Digital banking services will continue to be available for customers even if banks are closed. Routine transactions can be performed using mobile and internet banking applications.",https://economictimes.indiatimes.com/wealth/save/saturday-bank-holiday-are-sbi-hdfc-bank-icici-bank-open-or-closed-today-on-july-11-2026/articleshow/132311247.cms,"https://img.etimg.com/thumb/width-1200,height-900,imgsize-1505341,resizemode-75,msid-132311247/wealth/save/saturday-bank-holiday-are-sbi-hdfc-bank-icici-bank-open-or-closed-today-on-july-11-2026.jpg",2026-07-11 01:31:00+00:00,"If you're planning to visit your bank branch this Saturday (July 11, 2026), it is worth checking whether banks are open or closed before heading out. In India, not all Saturdays are working days. As … [+4725 chars]"
"{'id': 'the-times-of-india', 'name': 'The Times of India'}",The Times Of India,ED zeroes in on Rs 164cr mismatch in TMC bank a/c,"ED flags Rs 164 crore mismatch in a Trinamool Congress bank account, seeks transaction details from HDFC Bank; debit restrictions on 15 TMC accounts.",https://timesofindia.indiatimes.com/city/kolkata/ed-zeroes-in-on-rs-164cr-mismatch-in-tmc-bank-a/c/articleshow/132483225.cms,https://static.toiimg.com/photo/msid-47529300/47529300.jpg,2026-07-18 16:04:09+00:00,"<ul><li>News</li>
<li>ED zeroes in on Rs 164cr mismatch in TMC bank a/c</li></ul>
Follow Us On Social Media
Copyright © 2026 Bennett, Coleman &amp; Co. Ltd. All rights reserved. For reprint rights… [+26 chars]"
"{'id': None, 'name': 'BusinessLine'}","Team BL, KS Badri Narayanan","Sensex today | Stock Market Highlights: Sensex drops 442 pts to end at 77,708, Nifty closes below 24,240; Axis Bank, HDFC Bank fall most","Sensex, Nifty, Share Prices Highlights: The 30-share BSE Sensex declined 442.93 points, or 0.57 per cent, to settle at 77,708.52. The 50-share NSE Nifty edged lower by 95.80 points, or 0.39 per cent, to end at 24,238.50.",https://www.thehindubusinessline.com/markets/sensex-nifty50-today-stock-market-highlights-20th-july-2026/article71241122.ece,https://bl-i.thgim.com/public/incoming/i8e96n/article71243763.ece/alternates/LANDSCAPE_1200/BL09_Market_down.jpg,2026-07-20 11:01:09+00:00,"<li></li>
July 20, 2026 16:11Sovereign Gold Bond investors earn up to 44% despite gold price correction
Sovereign Gold Bond investors earn up to 44% despite gold price correction
Sovereign Gold Bo… [+73327 chars]"
"{'id': 'the-times-of-india', 'name': 'The Times of India'}",ET Bureau,"Protection business boosts HDFC Life, ICICI Pru Life Q1 earnings","HDFC Life and ICICI Prudential Life saw healthy profit expansion in the June quarter. Steady premium growth and stable new business margins drove these positive financial results. HDFC Life reported a twelve percent rise in net profit, while ICICI Prudential …",https://economictimes.indiatimes.com/markets/stocks/earnings/protection-business-boosts-hdfc-life-icici-pru-life-q1-earnings/articleshow/132427318.cms,"https://img.etimg.com/thumb/msid-132427314,width-1200,height-630,imgsize-13674,overlay-etmarkets/articleshow.jpg",2026-07-16 00:42:54+00:00,"(What's moving Sensex and Nifty Track latest market news, stock tips, Budget 2025, Share Market on Budget 2025 and expert advice, on ETMarkets. Also, ETMarkets.com is now on Telegram. For fastest new… [+330 chars]"
"{'id': 'the-times-of-india', 'name': 'The Times of India'}",Veer Sharma,"F&O Talk: Nifty IT gaining strong momentum, says Sudeep Shah; outlines HDFC Bank, ICICI Bank strategy after Q1",Nifty ended a five-week consolidation with strong Friday gains as Q1 earnings from IT majors and select private banks boosted sentiment. SBI Securities' Sudeep Shah tells ETMarkets that a Bollinger Band squeeze and falling ADX point to a big directional move …,https://economictimes.indiatimes.com/markets/stocks/news/fo-talk-nifty-it-gaining-strong-momentum-says-sudeep-shah-outlines-hdfc-bank-icici-bank-strategy-after-q1/articleshow/132489745.cms,"https://img.etimg.com/thumb/msid-132489793,width-1200,height-630,imgsize-324932,overlay-etmarkets/articleshow.jpg",2026-07-19 04:12:46+00:00,"The Indian stock market recorded sharp gains on Friday, with Sensex and Nifty rising more than 1% to end the week on a positive note. Strong Q1 earnings, sharp buying in IT stocks and other factors b… [+8079 chars]"
"{'id': 'the-times-of-india', 'name': 'The Times of India'}",Saloni Shukla,"HDFC Bank develops own AI platform, fraud monitoring system","HDFC Bank is transforming into a tech powerhouse, developing its own AI platform, Neev, and a real-time fraud detection system.  These in-house solutions, built by a dedicated engineering team, aim to combat rising banking frauds and enhance customer security…",https://economictimes.indiatimes.com/industry/banking/finance/banking/hdfc-bank-develops-own-ai-platform-fraud-monitoring-system/articleshow/132150393.cms,"https://img.etimg.com/thumb/msid-132146049,width-1200,height-630,imgsize-19335,overlay-etmarkets/articleshow.jpg",2026-07-02 18:57:19+00:00,"HDFC Bank, once hobbled by tech issues, has built its own AI platform and fraud-monitoring system that go beyond what fintech platforms offer. The latest platforms will help the lender overcome the c… [+2072 chars]"
"{'id': None, 'name': 'Biztoc.com'}",finance.yahoo.com,External review clears HDFC Bank of ex-chair’s governance claims,"An independent external legal review commissioned by HDFC Bank found no evidence to substantiate the governance or ethical concerns raised by its former chairman Atanu Chakraborty.
The bank appointed law firms in the March of this year after Chakraborty stepp…",https://biztoc.com/x/c695e314a133c8be,https://biztoc.com/cdn/c695e314a133c8be_s.webp,2026-06-29 11:35:22+00:00,An independent external legal review commissioned by HDFC Bank found no evidence to substantiate the governance or ethical concerns raised by its former chairman Atanu Chakraborty.The bank appointed … [+151 chars]
"{'id': 'the-times-of-india', 'name': 'The Times of India'}",Nandini Sanyal,"HDFC Bank overhang eases, Kotak CEO exit creates fresh uncertainty: What Pranav Gundlapalle is watching now","India's private banking sector faces pivotal moments with two major players at different junctures. HDFC Bank awaits RBI's nod for its CEO, a crucial step for governance confidence and potential stock upside. Meanwhile, Kotak Mahindra Bank navigates uncertain…",https://economictimes.indiatimes.com/markets/expert-view/hdfc-bank-overhang-eases-kotak-ceo-exit-creates-fresh-uncertainty-what-pranav-gundlapalle-is-watching-now/articleshow/132064940.cms,"https://img.etimg.com/thumb/msid-132064922,width-1200,height-630,imgsize-164942,overlay-etmarkets/articleshow.jpg",2026-06-29 06:21:40+00:00,"Two of India's biggest private sector banks are at contrasting crossroads, and how each navigates the next few months could reshape investor sentiment across the entire private banking space.HDFC Ban… [+3937 chars]"
"{'id': 'bloomberg', 'name': 'Bloomberg'}",Bloomberg,ICICI Bank mulls first benchmark dollar bond sale since 2017,ICICI Bank Ltd is in talks to raise at least $500 million in offshore bonds as it seeks to capitalise on a recent Reserve Bank of India concession for overseas borrowings,https://www.bloomberg.com/news/articles/2026-07-03/icici-bank-mulls-first-benchmark-dollar-bond-sale-since-2017,https://bl-i.thgim.com/public/news/4eprfq/article71062112.ece/alternates/LANDSCAPE_1200/IMG_ICICI_Bank_new.jpg,2026-07-03 06:54:24+00:00,"ICICI Bank Ltd is in talks to raise at least $500 million in offshore bonds as it seeks to capitalise on a recent Reserve Bank of India concession for overseas borrowings, according to people familia… [+1466 chars]"
"{'id': 'the-times-of-india', 'name': 'The Times of India'}",ET Bureau,Jana SFB reports ₹169-crore gap in FY25 gross NPAs,"Jana Small Finance Bank disclosed a ₹169 crore divergence in gross non-performing assets. The bank's reported GNPAs were lower than the Reserve Bank of India's assessment. This divergence led to an additional ₹42 crore provisioning for the bank. Consequently,…",https://economictimes.indiatimes.com/industry/banking/finance/banking/jana-sfb-reports-169-crore-gap-in-fy25-gross-npas/articleshow/132549071.cms,"https://img.etimg.com/thumb/msid-132545805,width-1200,height-630,imgsize-102664,overlay-etmarkets/articleshow.jpg",2026-07-21 19:00:18+00:00,"(What's moving Sensex and Nifty Track latest market news, stock tips, Budget 2025, Share Market on Budget 2025 and expert advice, on ETMarkets. Also, ETMarkets.com is now on Telegram. For fastest new… [+330 chars]"
"{'id': 'the-times-of-india', 'name': 'The Times of India'}",Veer Sharma,"Canara Bank Q1 Results: Net profit rises 2% YoY to Rs 4,856 crore; NII jumps 13%","Canara Bank Q1 Results: The lender's net interest income (NII) rose 13% YoY to Rs 10,216 crore from Rs 9,008 crore, the bank said in a regulatory filing.",https://economictimes.indiatimes.com/markets/stocks/earnings/canara-bank-q1-results-net-profit-rises-2-yoy-to-rs-4856-crore-nii-jumps-13/articleshow/132654459.cms,"https://img.etimg.com/thumb/msid-132654429,width-1200,height-630,imgsize-47038,overlay-etmarkets/articleshow.jpg",2026-07-27 06:55:17+00:00,"(What's moving Sensex and Nifty Track latest market news, stock tips, Budget 2025, Share Market on Budget 2025 and expert advice, on ETMarkets. Also, ETMarkets.com is now on Telegram. For fastest new… [+330 chars]"
"{'id': 'the-times-of-india', 'name': 'The Times of India'}",Veer Sharma,"HDFC Bank shares gain 2% after Q1 biz update; advances rise 15.4% YoY, deposits grow 14.7%","HDFC Bank shares rose 2% after the lender reported healthy business growth for the April-June quarter of FY27. Gross advances increased 15.4% year-on-year to Rs 30.61 lakh crore, while advances under management rose 12.4% to Rs 31.27 lakh crore. Period-end de…",https://economictimes.indiatimes.com/markets/stocks/news/hdfc-bank-shares-gain-2-after-q1-biz-update-advances-rise-15-4-yoy-deposits-grow-14-7/articleshow/132206985.cms,"https://img.etimg.com/thumb/msid-132206981,width-1200,height-630,imgsize-66831,overlay-etmarkets/articleshow.jpg",2026-07-06 03:57:03+00:00,"Shares of HDFC Bank, Indias largest private lender, rose 2% to an intraday high of Rs 816 on the BSE on Monday after the bank reported healthy growth in advances and deposits for the April-June quart… [+2501 chars]"
"{'id': None, 'name': 'Livemint'}",Eshita Gain,HDFC Bank credit card caps SmartBuy brand voucher rewards from July 1 — What changes for customers?,"HDFC Bank has revised its SmartBuy rewards program, introducing a cap on reward points for brand voucher purchases on major premium credit cards. Here's what changes for customers.",https://www.livemint.com/money/personal-finance/hdfc-bank-credit-card-caps-smartbuy-brand-voucher-rewards-from-july-1-what-changes-for-customers-11782923761887.html,https://www.livemint.com/lm-img/img/2026/07/01/1600x900/logo/HDB-FINANCIALSERVICES-IPO--0_1733848469052_1782926787441_ed8f4046-5cf3-45ab-ab19-11f4b94e80f8.JPG,2026-07-01 17:28:15+00:00,"HDFC Bank has rolled out major changes to the rewards programme on its SmartBuy platform by introducing a separate monthly cap on reward points earned through brand voucher purchases.
The move affec… [+4734 chars]"
"{'id': None, 'name': 'BusinessLine'}",PTI,"Mcap of 6 of top-10 most valued firms surges ₹1 lakh cr; Airtel, Bajaj Fin top winners","Markets ended the week on a firm footing, supported by resilient domestic macroeconomic indicators, healthy GST collections and improving industrial activity",https://www.thehindubusinessline.com/markets/mcap-of-6-of-top-10-most-valued-firms-surges-1-lakh-cr-airtel-bajaj-fin-top-winners/article71185292.ece,https://bl-i.thgim.com/public/incoming/rp8nr1/article71185304.ece/alternates/LANDSCAPE_1200/IMG_PO29_Blue_money_2_1_BPEIIEMK.jpg,2026-07-05 07:13:31+00:00,"The combined market valuation of 6 of the top-10 most valued firms surged by 1 lakh crore last week, with Bharti Airtel and Bajaj Finance emerging as the biggest gainers, amid a largely positive tren… [+1662 chars]"
"{'id': None, 'name': 'BusinessLine'}",Madhu Balaji,"Sensex touches 78,370, Nifty tops 24,450 as bank stocks, lower crude lift markets","Most sectoral indices remained in positive territory, led by the realty, oil & gas and auto indices, which rose more than 1% each; The Nifty Media index declined more than 1%",https://www.thehindubusinessline.com/markets/sensex-touches-78350-nifty-tops-24440-as-bank-stocks-lower-crude-lift-markets/article71188323.ece,https://bl-i.thgim.com/public/incoming/9f8urd/article71177183.ece/alternates/LANDSCAPE_1200/PO11_Growth.jpg,2026-07-06 07:09:12+00:00,"Equity benchmark indices extended their gains in afternoon trade on Monday, supported by buying in blue-chip banking stocks and lower crude oil prices.
At 12.24 pm, the BSE Sensex was up 571.72 poin… [+2213 chars]"
"{'id': 'the-times-of-india', 'name': 'The Times of India'}",Saloni Shukla,Credit card issuance hits strongest pace in more than two years,"The additions were led, once again, by the country's largest issuers. HDFC Bank topped the list, adding 163,000 net new credit cards and edging past SBI Cards, which added 162,000. ICICI Bank added 151,000 cards, while Federal Bank continued its strong moment…",https://economictimes.indiatimes.com/industry/banking/finance/banking/cards-continue-to-fly-credit-goes-to-the-big-players/articleshow/132650324.cms,"https://img.etimg.com/thumb/msid-132647414,width-1200,height-630,imgsize-82574,overlay-etmarkets/articleshow.jpg",2026-07-26 19:18:23+00:00,"MUMBAI: Credit card issuance in India surged to its strongest pace in more than two years in June 2026, according to latest data released by the Reserve Bank of India. Banks added a net 1.14 million … [+2474 chars]"
"{'id': 'the-times-of-india', 'name': 'The Times of India'}",Debaroti Adhikary,HDFC Bank shares down 20% in 2026 so far. Time to buy as the governance cloud clears up?,"HDFC Bank shares have plunged 20% this year amid governance concerns, sparked by a former chairman's resignation. The bank has since appointed a new part-time chairman and key financial officers. While leadership is strengthening and operations are improving,…",https://economictimes.indiatimes.com/markets/stocks/news/hdfc-bank-shares-down-20-in-2026-so-far-time-to-buy-as-the-governance-cloud-clears-up/articleshow/132129013.cms,"https://img.etimg.com/thumb/msid-132129001,width-1200,height-630,imgsize-2302111,overlay-etmarkets/articleshow.jpg",2026-07-02 04:36:54+00:00,"The shares of heavyweight HDFC Bank have seen a sharp downturn, falling around 20% so far this year as governance worries kept its 42 lakh shareholders on the edge. As Indias private lender addresses… [+3896 chars]"
"{'id': None, 'name': 'Livefromalounge.com'}",Live from a Lounge,HSBC India cracks down on credit card reward point abuse,HSBC Credit Cards is taking one of the stronger stances in the industry around credit card abuse. Here is how and why.,https://livefromalounge.com/hsbc-india-cracks-down-on-credit-card-reward-point-abuse/,https://livefromalounge.com/wp-content/uploads/2026/07/hsbc.jpg,2026-07-25 06:42:30+00:00,"HSBC India is the newest and last big bank to join the legion of Indian banks that want customers in India. The Bank has some liberal policies compared to other Banks, but it also only wants HNI and … [+5167 chars]"
"{'id': None, 'name': 'BusinessLine'}",BL Bengaluru Bureau,"SBI Funds Management IPO subscribed nearly 3 times on Day 2, NIIs lead demand","SBI Funds Management IPO was fully subscribed on Day 2, led by strong retail and NII demand. The ₹1.03-billion issue closes on July 16 and lists on July 21.",https://www.thehindubusinessline.com/markets/sbi-funds-management-ipo-fully-subscribed-on-day-2-amid-strong-retail-and-nii-interest/article71224262.ece,https://bl-i.thgim.com/public/incoming/9a97sy/article71224328.ece/alternates/LANDSCAPE_1200/2026-07-15T051802Z_1165085735_RC27AMATR81M_RTRMADP_3_SBI-AMC-IPO.JPG,2026-07-15 14:35:07+00:00,"The initial public offering of SBI Funds Management fetched 2.77 times subscription on the second day of bidding, led by strong demand from non-institutional investors.
The non-institutional investo… [+1317 chars]"
"{'id': 'the-times-of-india', 'name': 'The Times of India'}",Veer Sharma,HDFC Bank shares slide 10% in four day after Q1 results but brokerages see up to 40% upside. Here’s why,"HDFC Bank shares have fallen nearly 10% in four sessions since its Q1 FY27 results despite reporting steady earnings growth. Brokerages remain bullish, citing improving margins, healthy loan growth, lower credit costs and attractive valuations, with target pr…",https://economictimes.indiatimes.com/markets/stocks/news/hdfc-bank-shares-slide-10-in-four-day-after-q1-results-but-brokerages-see-up-to-40-upside-heres-why/articleshow/132573294.cms,"https://img.etimg.com/thumb/msid-132573286,width-1200,height-630,imgsize-36332,overlay-etmarkets/articleshow.jpg",2026-07-23 06:20:30+00:00,"Shares of HDFC Bank remained under pressure on Thursday, falling more than 1% to Rs 753 on the BSE and extending losses to a fourth consecutive session. The stock has now declined nearly 10% since In… [+4032 chars]"
"{'id': 'the-times-of-india', 'name': 'The Times of India'}",Sneha Kulkarni,"NRE FD interest rates up to 6.70%: SBI, HDFC Bank, PNB and more; which bank offers best returns for NRIs",Non-Resident Indians can invest foreign earnings in Indian rupees through NRE fixed deposits. These deposits offer tax-exempt interest and free repatriation of funds abroad.,https://economictimes.indiatimes.com/wealth/invest/latest-nre-fd-interest-rates-2026-sbi-hdfc-bank-icici-bank-pnb-axis-bank-central-bank-of-india/articleshow/132389998.cms,"https://img.etimg.com/thumb/width-1200,height-900,imgsize-837512,resizemode-75,msid-132389998/wealth/invest/latest-nre-fd-interest-rates-2026-sbi-hdfc-bank-icici-bank-pnb-axis-bank-central-bank-of-india.jpg",2026-07-14 11:41:15+00:00,Many Non-Resident Indians (NRIs) prefer Non-Resident External (NRE) fixed deposits that are a low-risk and reliable investment option. Non-Resident External (NRE) fixed deposit (FD) schemes allow NRI… [+3105 chars]
"{'id': 'the-times-of-india', 'name': 'The Times of India'}",Reuters,"China CITIC Bank International plans dollar, offshore yuan perpetual bonds",China CITIC Bank International plans to issue perpetual bonds in US dollars and offshore yuan.  Initial price guidance is set around 5.45% for dollar bonds and 2.90% for yuan bonds.  These benchmark-sized deals will strengthen the lender's capital base and ab…,https://economictimes.indiatimes.com/markets/bonds/china-citic-bank-international-plans-dollar-offshore-yuan-perpetual-bonds/articleshow/132406781.cms,"https://img.etimg.com/thumb/msid-132406797,width-1200,height-630,imgsize-32322,overlay-etmarkets/articleshow.jpg",2026-07-15 05:04:00+00:00,"(What's moving Sensex and Nifty Track latest market news, stock tips, Budget 2025, Share Market on Budget 2025 and expert advice, on ETMarkets. Also, ETMarkets.com is now on Telegram. For fastest new… [+330 chars]"
"{'id': 'the-times-of-india', 'name': 'The Times of India'}",Debaroti Adhikary,HDFC Bank shares drop 2%. What lies ahead as lender set to announce Q1 earnings this week?,"HDFC Bank shares dropped on Monday ahead of its Q1 FY27 earnings this week, erasing around Rs 21,500 crore in market value. While the lender reported strong loan growth in its business update, investors will closely track earnings, asset quality, margins and …",https://economictimes.indiatimes.com/markets/stocks/news/hdfc-bank-shares-drop-2-what-lies-ahead-as-lender-set-to-announce-q1-earnings-this-week/articleshow/132358311.cms,"https://img.etimg.com/thumb/msid-132358306,width-1200,height-630,imgsize-49690,overlay-etmarkets/articleshow.jpg",2026-07-13 06:10:54+00:00,"Shares of HDFC Bank fell nearly 2% on Monday, erasing around Rs 21,500 crore from the lender's market capitalisation and weighing on the broader market, making it one of the key contributors to the d… [+4278 chars]"
"{'id': 'the-times-of-india', 'name': 'The Times of India'}",Bloomberg,ICICI Bank mulls first benchmark dollar bond sale since 2017,"ICICI Bank is planning its first benchmark US dollar bond sale since 2017, aiming to raise at least $500 million through offshore bonds. The proposed issuance comes after the RBI introduced a concessional foreign exchange swap facility, encouraging Indian len…",https://economictimes.indiatimes.com/markets/bonds/icici-bank-mulls-first-benchmark-dollar-bond-sale-since-2017/articleshow/132153926.cms,"https://img.etimg.com/thumb/msid-132153910,width-1200,height-630,imgsize-51692,overlay-etmarkets/articleshow.jpg",2026-07-03 06:08:06+00:00,"(What's moving Sensex and Nifty Track latest market news, stock tips, Budget 2025, Share Market on Budget 2025 and expert advice, on ETMarkets. Also, ETMarkets.com is now on Telegram. For fastest new… [+330 chars]"
"{'id': 'the-times-of-india', 'name': 'The Times of India'}",Reuters,"JGBs hold steady as investors weigh inflation, central bank signals","Japanese government bond yields showed mixed movements on Friday. The benchmark ten-year yield increased, while the twenty-year yield slightly decreased. Investors are considering inflation risks and monetary policy signals from the Bank of Japan. Higher oil …",https://economictimes.indiatimes.com/markets/bonds/jgbs-hold-steady-as-investors-weigh-inflation-central-bank-signals/articleshow/132451984.cms,"https://img.etimg.com/thumb/msid-132452037,width-1200,height-630,imgsize-165414,overlay-etmarkets/articleshow.jpg",2026-07-17 03:48:14+00:00,"(What's moving Sensex and Nifty Track latest market news, stock tips, Budget 2025, Share Market on Budget 2025 and expert advice, on ETMarkets. Also, ETMarkets.com is now on Telegram. For fastest new… [+330 chars]"
"{'id': 'the-times-of-india', 'name': 'The Times of India'}",ET Bureau,Former finance services secy Rajiv Kumar named HDFC Bank part-time chairman,"Kumar (66), a seasoned public policy leader and financial sector reformer, is widely credited with playing a key role in revitalising India's banking and financial system during a period of significant stress between 2017 and 2020. During his tenure, he stren…",https://economictimes.indiatimes.com/industry/banking/finance/banking/former-finance-services-secy-rajiv-kumar-named-hdfc-bank-part-time-chairman/articleshow/132081540.cms,"https://img.etimg.com/thumb/msid-132081537,width-1200,height-630,imgsize-32572,overlay-etmarkets/articleshow.jpg",2026-06-29 19:00:30+00:00,"(What's moving Sensex and Nifty Track latest market news, stock tips, Budget 2025, Share Market on Budget 2025 and expert advice, on ETMarkets. Also, ETMarkets.com is now on Telegram. For fastest new… [+330 chars]"
"{'id': 'the-times-of-india', 'name': 'The Times of India'}",PTI,"SBI Capital Markets, HDFC Bank among 4 book runners appointed for NLC India Renewables IPO","NLC India Renewables has engaged four investment banks to facilitate its much-anticipated initial public offering. This IPO is designed to enhance the company's capital structure, fueling its ambitious growth objectives. The firm aims to broaden its renewable…",https://economictimes.indiatimes.com/markets/ipos/fpos/sbi-capital-markets-hdfc-bank-among-4-book-runners-appointed-for-nlc-india-renewables-ipo/articleshow/132462911.cms,"https://img.etimg.com/thumb/msid-132462911,width-1200,height-630,imgsize-50108,overlay-etmarkets/articleshow.jpg",2026-07-17 13:47:02+00:00,"New Delhi, State-owned NLC India's subsidiary NLC India Renewables Ltd (NIRL) has appointed four leading investment banks, including SBI Capital Markets and HDFC Bank, as book running lead managers f… [+2190 chars]"
"{'id': 'the-times-of-india', 'name': 'The Times of India'}","Srishti Lakhotia,Subrata Chattoraj","Why the ‘hot haste’ in freezing TMC bank a/cs, HC asks cops",Calcutta High Court questions police “hot haste” in freezing TMC bank accounts; seeks HDFC report on balances and signatories; next hearing July 8.,https://timesofindia.indiatimes.com/city/kolkata/why-the-hot-haste-in-freezing-tmc-bank-a/cs-hc-asks-cops/articleshow/132147680.cms,"https://static.toiimg.com/thumb/msid-132147678,width-1280,height-720,resizemode-6,overlay-toi_sw,pt-32,y_pad-600/photo.jpg",2026-07-02 19:52:51+00:00,"Follow Us On Social Media
Trump's Awkward Walk To Marine One Has Everyone Asking The Same QuestionUS Influence Fades in Europe? Turkeys Erdogan Moves to Fill NATO's Power Vacuum | Watch'Apologise!' … [+2532 chars]"
"{'id': 'the-times-of-india', 'name': 'The Times of India'}",PTI,Mcap of nine of top-10 most valued firms erodes by Rs 2.74 lakh cr; HDFC Bank takes biggest hit,"Last week was tough for the Indian equity markets, with nine out of ten leading companies witnessing a decline in market value. HDFC Bank took the hardest blow, suffering a staggering loss exceeding one lakh crore rupees. Reliance Industries also saw a signif…",https://economictimes.indiatimes.com/markets/stocks/news/mcap-of-nine-of-top-10-most-valued-firms-erodes-by-rs-2-74-lakh-cr-hdfc-bank-takes-biggest-hit/articleshow/132637704.cms,"https://img.etimg.com/thumb/msid-132637704,width-1200,height-630,imgsize-34744,overlay-etmarkets/articleshow.jpg",2026-07-26 07:20:07+00:00,"The combined market valuation of nine of the top-10 most valued firms eroded by Rs 2.74 lakh crore last week, in tandem with a bearish trend in equities, with HDFC Bank taking the biggest hit.Last we… [+2043 chars]"
"{'id': 'the-times-of-india', 'name': 'The Times of India'}",Reuters,JGB yields rise as inflation concerns grow on BOJ policy outlook,"Japanese government bond yields climbed as inflation worries grew. Reports suggest the government might steer the Bank of Japan towards its pro-growth economic plans, potentially slowing interest rate hikes. This move, aimed at boosting annual real economic g…",https://economictimes.indiatimes.com/markets/bonds/jgb-yields-rise-as-inflation-concerns-grow-on-boj-policy-outlook/articleshow/132063275.cms,"https://img.etimg.com/thumb/msid-132063287,width-1200,height-630,imgsize-373692,overlay-etmarkets/articleshow.jpg",2026-06-29 04:57:56+00:00,"(What's moving Sensex and Nifty Track latest market news, stock tips, Budget 2025, Share Market on Budget 2025 and expert advice, on ETMarkets. Also, ETMarkets.com is now on Telegram. For fastest new… [+330 chars]"
"{'id': 'the-times-of-india', 'name': 'The Times of India'}",Reuters,Euro zone bond yields tick higher as oil remains elevated; eyes on ECB,Euro zone government bond yields are rising as oil prices remain elevated.  This situation threatens inflation outlook and supports tighter European Central Bank policy.  Investors are also watching Britain's gilt market after new Prime Minister Andy Burnham'…,https://economictimes.indiatimes.com/markets/bonds/euro-zone-bond-yields-tick-higher-as-oil-remains-elevated-eyes-on-ecb/articleshow/132531792.cms,"https://img.etimg.com/thumb/msid-132531792,width-1200,height-630,imgsize-55576,overlay-etmarkets/articleshow.jpg",2026-07-21 08:31:34+00:00,"(What's moving Sensex and Nifty Track latest market news, stock tips, Budget 2025, Share Market on Budget 2025 and expert advice, on ETMarkets. Also, ETMarkets.com is now on Telegram. For fastest new… [+330 chars]"
"{'id': 'the-times-of-india', 'name': 'The Times of India'}",Debaroti Adhikary,"HDFC Bank Q1 Results: Net profit rises 5% YoY to Rs 19,060 crore, NII up 7%","The bank’s net interest income, which is the difference between interest earned and interest expenses, rose 7% YoY to Rs 33,534 crore in Q1 FY27 from Rs 31,438 crore in Q1 FY26.",https://economictimes.indiatimes.com/markets/stocks/earnings/hdfc-bank-q1-results-net-profit-rises-5-yoy-to-rs-19060-crore-nii-up-7/articleshow/132477012.cms,"https://img.etimg.com/thumb/msid-132477004,width-1200,height-630,imgsize-123606,overlay-etmarkets/articleshow.jpg",2026-07-18 09:05:36+00:00,"(What's moving Sensex and Nifty Track latest market news, stock tips, Budget 2025, Share Market on Budget 2025 and expert advice, on ETMarkets. Also, ETMarkets.com is now on Telegram. For fastest new… [+330 chars]"
"{'id': 'the-times-of-india', 'name': 'The Times of India'}",Anupam Nagar,"HDFC Bank valuations attractive, banking sector ready for next growth phase: Sandip Sabharwal","Market expert Sandip Sabharwal sees private banks entering a robust phase driven by accelerating credit growth and easing margin pressures. He finds HDFC Bank's valuation attractive despite leadership uncertainties, while noting operational challenges from th…",https://economictimes.indiatimes.com/markets/expert-view/hdfc-bank-valuations-attractive-banking-sector-ready-for-next-growth-phase-sandip-sabharwal/articleshow/132087660.cms,"https://img.etimg.com/thumb/msid-132087650,width-1200,height-630,imgsize-15384,overlay-etmarkets/articleshow.jpg",2026-06-30 07:44:50+00:00,"Private sector banks are entering a stronger phase as credit growth accelerates, margin pressures ease, and leadership transitions gradually remove uncertainties, says market expert Sandip Sabharwal.… [+6684 chars]"
"{'id': None, 'name': 'Economictimes.com'}",ETtech,"TCS, HDFC Bank, 8 others with up to 49% upside. How many in your portfolio?","Amid a volatile 2026 marked by persistent FII selling, inflation concerns amid West Asia crisis, InCred Equities sees selective opportunities emerging within the large cap space. In a recent report, the brokerage has shortlisted 10 blue-chip stocks across mul…",https://m.economictimes.com/markets/stocks/news/tcs-hdfc-bank-8-others-with-up-to-49-upside-how-many-in-your-portfolio/portfolio-picks/slideshow/132324420.cms,"https://img.etimg.com/thumb/msid-132324420,width-1200,height-900,overlay-etmarkets/slideshow.jpg",2026-07-11 04:04:06+00:00,"Jul 11, 2026, 09:38:09 AM IST
Amid a volatile 2026 marked by persistent FII selling, inflation concerns amid West Asia crisis, InCred Equities sees selective opportunities emerging within the large … [+1809 chars]"
"{'id': 'the-times-of-india', 'name': 'The Times of India'}",Akash Podishetti,"Stocks in news: Groww, Delhivery, Infosys, Wipro, IDBI Bank, Tata Elxsi",Markets traded under pressure amid renewed geopolitical concerns on Tuesday. Several companies like Groww and Infosys will be in focus today. Anand Rathi Share reported a significant profit rise for the June quarter. IDBI Bank clarified reports regarding a po…,https://economictimes.indiatimes.com/markets/stocks/news/stocks-in-news-groww-delhivery-infosys-wipro-idbi-bank-tata-elxsi/articleshow/132403654.cms,"https://img.etimg.com/thumb/msid-132403649,width-1200,height-630,imgsize-605584,overlay-etmarkets/articleshow.jpg",2026-07-15 01:08:48+00:00,"Markets traded under pressure on Tuesday, with benchmark indices losing over half a percent amid renewed geopolitical concerns. Technically, analysts continue to maintain our consolidation view on th… [+2006 chars]"
"{'id': 'the-times-of-india', 'name': 'The Times of India'}",Saloni Shukla,Three US law firms probe HDFC Bank over alleged Maharashtra deposit payments,HDFC Bank is facing fresh scrutiny in the US after three law firms launched investigations into whether the lender violated federal securities laws over allegations that it disguised ₹45 crore in payments to the Maharashtra State Road Development Corporation …,https://economictimes.indiatimes.com/industry/banking/finance/banking/three-us-law-firms-probe-hdfc-bank-over-alleged-maharashtra-deposit-payments/articleshow/132594174.cms,"https://img.etimg.com/thumb/msid-132577927,width-1200,height-630,imgsize-127498,overlay-etmarkets/articleshow.jpg",2026-07-23 10:34:26+00:00,"HDFC Bank is facing fresh scrutiny in the United States, with three separate US law firms announcing investigations into whether the lender violated federal securities laws. This widens the fallout f… [+2681 chars]"
"{'id': None, 'name': 'BusinessLine'}","KS Badri Narayanan, Madhu Balaji, Team BL","Q1 Results Today Live: Wipro, Jio Financial, Tech Mahindra, Polycab, BHEL, ITC Hotels, CEAT, WeWork India to announce Q1 results, Union Bank, Groww, HDBFS, HDFC AMC, HDFC Life, ICICI Pru Life, ICICI Lombard, Angel One shares in focus","Q1 Results Today, 16th July 2026 Live Updates: Find all the latest Q1 results 2026 updates of Wipro, Jio Financial Services, Tech Mahindra, Polycab India, Bharat Heavy Electricals, Piramal Finance, 360 ONE WAM, ITC Hotels, Ceat, South Indian Bank, WeWork Indi…",https://www.thehindubusinessline.com/markets/q1-results-today-live-updates-wipro-jio-financial-tech-mahindra-polycab-india-bhel-piramal-finance-itc-hotels-ceat-wework-hdbfs-groww-icici-pru-hdfc-results-16-july-2026/article71225300.ece,https://bl-i.thgim.com/public/incoming/wn56hd/article71225299.ece/alternates/LANDSCAPE_1200/CCI_UDHindu_KSL_U3V4ULU2L_R1541923686_1_91899fc6-c953-4544-b3dd-79efb36ca4d9.jpg,2026-07-16 03:33:07+00:00,"financial advisor take note and business graphs and charts report show results of performance business on desk
 | Photo Credit: 
 utah778
Q1 Results Today, 16th July 2026 Live Updates: Find all th… [+705 chars]"
"{'id': 'the-times-of-india', 'name': 'The Times of India'}",Sneha Kulkarni,Borrowers take note: HDFC Bank revises lending rates for different tenures; check updated list,"HDFC Bank has adjusted its MCLR rates, with changes effective July seventh, 2026. The overnight MCLR decreased by five basis points, while longer tenors saw increases. One-year and three-year MCLRs rose by five basis points each.",https://economictimes.indiatimes.com/wealth/borrow/hdfc-bank-revises-mclr-lending-interest-rates-for-loan-borrowers-check-updated-list-base-bplr-fd-rates/articleshow/132232665.cms,"https://img.etimg.com/thumb/width-1200,height-900,imgsize-837334,resizemode-75,msid-132232665/wealth/borrow/hdfc-bank-revises-mclr-lending-interest-rates-for-loan-borrowers-check-updated-list-base-bplr-fd-rates.jpg",2026-07-07 06:52:01+00:00,"HDFC Bank has revised its Marginal Cost of Funds-based Lending Rate (MCLR), with the new rates coming into effect on July 7, 2026. While the bank has lowered the overnight MCLR by 5 basis points (bps… [+3785 chars]"
"{'id': 'the-times-of-india', 'name': 'The Times of India'}",Anupam Nagar,Global Market: ECB monitoring Middle East conflict for inflation risks,The European Central Bank sees no immediate inflation fallout from the Iran conflict. Policymakers are closely watching for indirect price pressures and their potential impact. The eurozone economy has shown resilience despite ongoing geopolitical tensions an…,https://economictimes.indiatimes.com/markets/us-stocks/news/global-market-ecb-monitoring-middle-east-conflict-for-inflation-risks/articleshow/132409932.cms,"https://img.etimg.com/thumb/msid-132409943,width-1200,height-630,imgsize-129362,overlay-etmarkets/articleshow.jpg",2026-07-15 07:46:26+00:00,"(What's moving Sensex and Nifty Track latest market news, stock tips, Budget 2025, Share Market on Budget 2025 and expert advice, on ETMarkets. Also, ETMarkets.com is now on Telegram. For fastest new… [+330 chars]"
"{'id': None, 'name': 'Livemint'}",Shayan Ghosh,Atanu Chakraborty terms HDFC Bank's legal review superfluous,"Appointing external law firms, including an American one, was just a compliance exercise, says Atanu Chakraborty, who resigned as HDFC Bank chairman in March.",https://www.livemint.com/companies/news/atanu-chakraborty-hdfc-bank-legal-review-report-sashidhar-jagdishan-11782534635153.html,https://www.livemint.com/lm-img/img/2026/06/27/1600x900/logo/2-0-1428309036-Atanu-Chakraborty-08-20161004-PP-0_1679750682075_1782534751771_ed47b3ec-c4db-49fa-a623-11967e59e568.jpg,2026-06-27 05:17:13+00:00,"He did not elaborate. Days later, he went on national television to hint that the mis-selling of Credit Suisses perpetual bonds was a bone of contention between him and the bank's management.
My res… [+2783 chars]"
